{"stats":{"minecraft:killed":{"minecraft:horse":1,"minecraft:skeleton":1,"minecraft:zombie":41,"minecraft:spider":2,"minecraft:cow":3},"minecraft:dropped":{"minecraft:enchanted_book":4,"minecraft:iron_chestplate":1,"minecraft:netherite_chestplate":1,"minecraft:netherite_boots":1,"minecraft:netherite_helmet":1,"minecraft:iron_leggings":1,"minecraft:iron_helmet":1,"minecraft:rotten_flesh":1,"minecraft:iron_boots":1,"minecraft:leather":3,"minecraft:beef":5,"minecraft:netherite_leggings":1},"minecraft:killed_by":{"minecraft:warden":2,"minecraft:zombie":2},"minecraft:mined":{"minecraft:grass":37,"minecraft:tall_grass":11},"minecraft:used":{"minecraft:warden_spawn_egg":4,"minecraft:netherite_sword":58,"minecraft:water_bucket":6,"minecraft:netherite_chestplate":1,"minecraft:iron_helmet":1,"minecraft:zombie_spawn_egg":39,"minecraft:iron_boots":1,"minecraft:totem_of_undying":17,"minecraft:rotten_flesh":1,"minecraft:diamond_sword":123,"minecraft:iron_chestplate":1,"minecraft:netherite_boots":1,"minecraft:golden_apple":13,"minecraft:golden_carrot":5,"minecraft:anvil":1,"minecraft:netherite_leggings":1,"minecraft:bucket":6,"minecraft:netherite_helmet":1,"minecraft:enchanted_golden_apple":1,"minecraft:iron_leggings":1},"minecraft:picked_up":{"minecraft:iron_chestplate":1,"minecraft:netherite_boots":1,"minecraft:golden_carrot":63,"minecraft:water_bucket":1,"minecraft:leather":7,"minecraft:enchanted_book":4,"minecraft:warden_spawn_egg":60,"minecraft:netherite_leggings":1,"minecraft:string":4,"minecraft:iron_leggings":1,"minecraft:bone":4,"minecraft:arrow":2,"minecraft:rotten_flesh":29,"minecraft:netherite_helmet":1,"minecraft:wheat_seeds":6,"minecraft:netherite_sword":1,"minecraft:iron_helmet":1,"minecraft:beef":12,"minecraft:golden_apple":62,"minecraft:totem_of_undying":17,"minecraft:netherite_chestplate":1,"minecraft:iron_boots":1},"minecraft:custom":{"minecraft:time_since_rest":54,"minecraft:sprint_one_cm":41706,"minecraft:damage_absorbed":1325,"minecraft:damage_taken":5364,"minecraft:walk_one_cm":57432,"minecraft:mob_kills":48,"minecraft:interact_with_anvil":1,"minecraft:drop":21,"minecraft:damage_dealt":9407,"minecraft:fly_one_cm":119235,"minecraft:play_time":17218,"minecraft:deaths":4,"minecraft:sneak_time":7,"minecraft:walk_under_water_one_cm":2223,"minecraft:jump":457,"minecraft:leave_game":2,"minecraft:walk_on_water_one_cm":487,"minecraft:time_since_death":29,"minecraft:total_world_time":17218,"minecraft:damage_resisted":184,"minecraft:fall_one_cm":12903}},"DataVersion":3465}