{"stats":{"minecraft:killed":{"minecraft:skeleton":1,"minecraft:horse":1,"minecraft:zombie":42,"minecraft:spider":2,"minecraft:cow":3},"minecraft:dropped":{"minecraft:enchanted_book":4,"minecraft:iron_chestplate":1,"minecraft:netherite_chestplate":1,"minecraft:netherite_boots":1,"minecraft:netherite_helmet":1,"minecraft:iron_helmet":1,"minecraft:rotten_flesh":1,"minecraft:iron_leggings":1,"minecraft:iron_boots":1,"minecraft:leather":3,"minecraft:beef":5,"minecraft:netherite_leggings":1},"minecraft:killed_by":{"minecraft:warden":2,"minecraft:zombie":3},"minecraft:mined":{"minecraft:grass":38,"minecraft:tall_grass":11},"minecraft:used":{"minecraft:warden_spawn_egg":4,"minecraft:netherite_sword":58,"minecraft:water_bucket":6,"minecraft:netherite_chestplate":1,"minecraft:iron_helmet":1,"minecraft:zombie_spawn_egg":39,"minecraft:iron_boots":1,"minecraft:totem_of_undying":17,"minecraft:rotten_flesh":1,"minecraft:golden_apple":13,"minecraft:netherite_boots":1,"minecraft:iron_chestplate":1,"minecraft:diamond_sword":123,"minecraft:anvil":1,"minecraft:golden_carrot":5,"minecraft:netherite_leggings":1,"minecraft:bucket":6,"minecraft:netherite_helmet":1,"minecraft:enchanted_golden_apple":1,"minecraft:iron_leggings":1},"minecraft:picked_up":{"minecraft:netherite_boots":1,"minecraft:iron_chestplate":1,"minecraft:golden_carrot":63,"minecraft:water_bucket":1,"minecraft:leather":7,"minecraft:enchanted_book":4,"minecraft:warden_spawn_egg":60,"minecraft:netherite_leggings":1,"minecraft:string":4,"minecraft:iron_leggings":1,"minecraft:bone":4,"minecraft:arrow":2,"minecraft:rotten_flesh":32,"minecraft:netherite_helmet":1,"minecraft:wheat_seeds":6,"minecraft:netherite_sword":1,"minecraft:iron_helmet":1,"minecraft:beef":12,"minecraft:golden_apple":62,"minecraft:totem_of_undying":17,"minecraft:netherite_chestplate":1,"minecraft:iron_boots":1},"minecraft:custom":{"minecraft:time_since_rest":6581,"minecraft:sprint_one_cm":43986,"minecraft:damage_absorbed":1325,"minecraft:damage_taken":5738,"minecraft:walk_one_cm":59168,"minecraft:mob_kills":49,"minecraft:interact_with_anvil":1,"minecraft:drop":21,"minecraft:damage_dealt":9563,"minecraft:swim_one_cm":891,"minecraft:fly_one_cm":128425,"minecraft:play_time":23903,"minecraft:deaths":5,"minecraft:sneak_time":7,"minecraft:walk_under_water_one_cm":3607,"minecraft:jump":500,"minecraft:leave_game":4,"minecraft:time_since_death":6536,"minecraft:walk_on_water_one_cm":580,"minecraft:total_world_time":23903,"minecraft:damage_resisted":184,"minecraft:fall_one_cm":14197}},"DataVersion":3465}